Name,URL,State,District,Party,Terms
"Representative Ackerman, Gary L.",https://www.congress.gov/member/gary-ackerman/A000022,"New York",5,Democratic,"House: 1983-2013"
"Representative Adams, Sandy",https://www.congress.gov/member/sandy-adams/A000366,Florida,24,Republican,"House: 2011-2013"
"Representative Aderholt, Robert B.",https://www.congress.gov/member/robert-aderholt/A000055,Alabama,4,Republican,"House: 1997-Present"
"Senator Akaka, Daniel K.",https://www.congress.gov/member/daniel-akaka/A000069,Hawaii,,Democratic,"Senate: 1990-2013 | House: 1977-1991"
"Representative Akin, W. Todd",https://www.congress.gov/member/w-akin/A000358,Missouri,2,Republican,"House: 2001-2013"
"Senator Alexander, Lamar",https://www.congress.gov/member/lamar-alexander/A000360,Tennessee,,Republican,"Senate: 2003-Present"
"Representative Alexander, Rodney",https://www.congress.gov/member/rodney-alexander/A000361,Louisiana,5,Republican,"House: 2003-2013"
"Representative Altmire, Jason",https://www.congress.gov/member/jason-altmire/A000362,Pennsylvania,4,Democratic,"House: 2007-2013"
"Representative Amash, Justin",https://www.congress.gov/member/justin-amash/A000367,Michigan,3,Independent,"House: 2011-Present"
"Representative Amodei, Mark E.",https://www.congress.gov/member/mark-amodei/A000369,Nevada,2,Republican,"House: 2011-Present"
"Representative Andrews, Robert E.",https://www.congress.gov/member/robert-andrews/A000210,"New Jersey",1,Democratic,"House: 1989-2014"
"Representative Austria, Steve",https://www.congress.gov/member/steve-austria/A000365,Ohio,7,Republican,"House: 2009-2013"
"Senator Ayotte, Kelly",https://www.congress.gov/member/kelly-ayotte/A000368,"New Hampshire",,Republican,"Senate: 2011-2017"
"Representative Baca, Joe",https://www.congress.gov/member/joe-baca/B001234,California,43,Democratic,"House: 1999-2013"
"Representative Bachmann, Michele",https://www.congress.gov/member/michele-bachmann/B001256,Minnesota,6,Republican,"House: 2007-2015"
"Representative Bachus, Spencer",https://www.congress.gov/member/spencer-bachus/B000013,Alabama,6,Republican,"House: 1993-2015"
"Senator Baldwin, Tammy",https://www.congress.gov/member/tammy-baldwin/B001230,Wisconsin,,Democratic,"Senate: 2013-Present | House: 1999-2013"
"Representative Barber, Ron",https://www.congress.gov/member/ron-barber/B001279,Arizona,2,Democratic,"House: 2012-2015"
"Representative Barletta, Lou",https://www.congress.gov/member/lou-barletta/B001269,Pennsylvania,11,Republican,"House: 2011-2019"
"Senator Barrasso, John",https://www.congress.gov/member/john-barrasso/B001261,Wyoming,,Republican,"Senate: 2007-Present"
"Representative Barrow, John",https://www.congress.gov/member/john-barrow/B001252,Georgia,12,Democratic,"House: 2005-2015"
"Representative Bartlett, Roscoe G.",https://www.congress.gov/member/roscoe-bartlett/B000208,Maryland,6,Republican,"House: 1993-2013"
"Representative Barton, Joe",https://www.congress.gov/member/joe-barton/B000213,Texas,6,Republican,"House: 1985-2019"
"Representative Bass, Charles F.",https://www.congress.gov/member/charles-bass/B000220,"New Hampshire",2,Republican,"House: 1995-2007, 2011-2013"
"Representative Bass, Karen",https://www.congress.gov/member/karen-bass/B001270,California,37,Democratic,"House: 2011-Present"
"Senator Baucus, Max",https://www.congress.gov/member/max-baucus/B000243,Montana,,Democratic,"Senate: 1979-2014 | House: 1975-1979"
"Representative Becerra, Xavier",https://www.congress.gov/member/xavier-becerra/B000287,California,34,Democratic,"House: 1993-2017"
"Senator Begich, Mark",https://www.congress.gov/member/mark-begich/B001265,Alaska,,Democratic,"Senate: 2009-2015"
"Representative Benishek, Dan",https://www.congress.gov/member/dan-benishek/B001271,Michigan,1,Republican,"House: 2011-2017"
"Senator Bennet, Michael F.",https://www.congress.gov/member/michael-bennet/B001267,Colorado,,Democratic,"Senate: 2009-Present"
"Representative Berg, Rick",https://www.congress.gov/member/rick-berg/B001272,"North Dakota",,Republican,"House: 2011-2013"
"Representative Berkley, Shelley",https://www.congress.gov/member/shelley-berkley/B001231,Nevada,1,Democratic,"House: 1999-2013"
"Representative Berman, Howard L.",https://www.congress.gov/member/howard-berman/B000410,California,28,Democratic,"House: 1983-2013"
"Representative Biggert, Judy",https://www.congress.gov/member/judy-biggert/B001232,Illinois,13,Republican,"House: 1999-2013"
"Representative Bilbray, Brian P.",https://www.congress.gov/member/brian-bilbray/B000461,California,50,Republican,"House: 1995-2001, 2005-2013"
"Representative Bilirakis, Gus M.",https://www.congress.gov/member/gus-bilirakis/B001257,Florida,12,Republican,"House: 2007-Present"
"Senator Bingaman, Jeff",https://www.congress.gov/member/jesse-bingaman/B000468,"New Mexico",,Democratic,"Senate: 1983-2013"
"Representative Bishop, Rob",https://www.congress.gov/member/rob-bishop/B001250,Utah,1,Republican,"House: 2003-Present"
"Representative Bishop, Sanford D., Jr.",https://www.congress.gov/member/sanford-bishop/B000490,Georgia,2,Democratic,"House: 1993-Present"
"Representative Bishop, Timothy H.",https://www.congress.gov/member/timothy-bishop/B001242,"New York",1,Democratic,"House: 2003-2015"
"Representative Black, Diane",https://www.congress.gov/member/diane-black/B001273,Tennessee,6,Republican,"House: 2011-2019"
"Senator Blackburn, Marsha",https://www.congress.gov/member/marsha-blackburn/B001243,Tennessee,,Republican,"Senate: 2019-Present | House: 2003-2019"
"Representative Blumenauer, Earl",https://www.congress.gov/member/earl-blumenauer/B000574,Oregon,3,Democratic,"House: 1995-Present"
"Senator Blumenthal, Richard",https://www.congress.gov/member/richard-blumenthal/B001277,Connecticut,,Democratic,"Senate: 2011-Present"
"Senator Blunt, Roy",https://www.congress.gov/member/roy-blunt/B000575,Missouri,,Republican,"Senate: 2011-Present | House: 1997-2011"
"Representative Boehner, John A.",https://www.congress.gov/member/john-boehner/B000589,Ohio,8,Republican,"House: 1991-2015"
"Representative Bonamici, Suzanne",https://www.congress.gov/member/suzanne-bonamici/B001278,Oregon,1,Democratic,"House: 2012-Present"
"Representative Bonner, Jo",https://www.congress.gov/member/jo-bonner/B001244,Alabama,1,Republican,"House: 2003-2013"
"Representative Bono Mack, Mary",https://www.congress.gov/member/mary-bono-mack/B001228,California,45,Republican,"House: 1997-2013"
"Senator Boozman, John",https://www.congress.gov/member/john-boozman/B001236,Arkansas,,Republican,"Senate: 2011-Present | House: 2001-2011"
"Representative Bordallo, Madeleine Z.",https://www.congress.gov/member/madeleine-bordallo/B001245,Guam,,Democratic,"House: 2003-2019"
"Representative Boren, Dan",https://www.congress.gov/member/dan-boren/B001254,Oklahoma,2,Democratic,"House: 2005-2013"
"Representative Boswell, Leonard L.",https://www.congress.gov/member/leonard-boswell/B000652,Iowa,3,Democratic,"House: 1997-2013"
"Representative Boustany, Charles W., Jr.",https://www.congress.gov/member/charles-boustany/B001255,Louisiana,3,Republican,"House: 2005-2017"
"Senator Boxer, Barbara",https://www.congress.gov/member/barbara-boxer/B000711,California,,Democratic,"Senate: 1993-2017 | House: 1983-1993"
"Representative Brady, Kevin",https://www.congress.gov/member/kevin-brady/B000755,Texas,8,Republican,"House: 1997-Present"
"Representative Brady, Robert A.",https://www.congress.gov/member/robert-brady/B001227,Pennsylvania,1,Democratic,"House: 1997-2019"
"Representative Braley, Bruce L.",https://www.congress.gov/member/bruce-braley/B001259,Iowa,1,Democratic,"House: 2007-2015"
"Representative Brooks, Mo",https://www.congress.gov/member/mo-brooks/B001274,Alabama,5,Republican,"House: 2011-Present"
"Representative Broun, Paul C.",https://www.congress.gov/member/paul-broun/B001262,Georgia,10,Republican,"House: 2007-2015"
"Representative Brown, Corrine",https://www.congress.gov/member/corrine-brown/B000911,Florida,5,Democratic,"House: 1993-2017"
"Senator Brown, Scott P.",https://www.congress.gov/member/scott-brown/B001268,Massachusetts,,Republican,"Senate: 2010-2013"
"Senator Brown, Sherrod",https://www.congress.gov/member/sherrod-brown/B000944,Ohio,,Democratic,"Senate: 2007-Present | House: 1993-2007"
"Representative Buchanan, Vern",https://www.congress.gov/member/vern-buchanan/B001260,Florida,16,Republican,"House: 2007-Present"
"Representative Bucshon, Larry",https://www.congress.gov/member/larry-bucshon/B001275,Indiana,8,Republican,"House: 2011-Present"
"Representative Buerkle, Ann Marie",https://www.congress.gov/member/ann-buerkle/B001276,"New York",25,Republican,"House: 2011-2013"
"Representative Burgess, Michael C.",https://www.congress.gov/member/michael-burgess/B001248,Texas,26,Republican,"House: 2003-Present"
"Senator Burr, Richard",https://www.congress.gov/member/richard-burr/B001135,"North Carolina",,Republican,"Senate: 2005-Present | House: 1995-2005"
"Representative Burton, Dan",https://www.congress.gov/member/dan-burton/B001149,Indiana,5,Republican,"House: 1983-2013"
"Representative Butterfield, G. K.",https://www.congress.gov/member/g-k-butterfield/B001251,"North Carolina",1,Democratic,"House: 2004-Present"
"Representative Calvert, Ken",https://www.congress.gov/member/ken-calvert/C000059,California,42,Republican,"House: 1993-Present"
"Representative Camp, Dave",https://www.congress.gov/member/dave-camp/C000071,Michigan,4,Republican,"House: 1991-2015"
"Representative Campbell, John",https://www.congress.gov/member/john-campbell/C001064,California,45,Republican,"House: 2005-2015"
"Representative Canseco, Francisco ""Quico""",https://www.congress.gov/member/francisco-canseco/C001082,Texas,23,Republican,"House: 2011-2013"
"Representative Cantor, Eric",https://www.congress.gov/member/eric-cantor/C001046,Virginia,7,Republican,"House: 2001-2014"
"Senator Cantwell, Maria",https://www.congress.gov/member/maria-cantwell/C000127,Washington,,Democratic,"Senate: 2001-Present | House: 1993-1995"
"Senator Capito, Shelley Moore",https://www.congress.gov/member/shelley-capito/C001047,"West Virginia",,Republican,"Senate: 2015-Present | House: 2001-2015"
"Representative Capps, Lois",https://www.congress.gov/member/lois-capps/C001036,California,24,Democratic,"House: 1997-2017"
"Representative Capuano, Michael E.",https://www.congress.gov/member/michael-capuano/C001037,Massachusetts,7,Democratic,"House: 1999-2019"
"Senator Cardin, Benjamin L.",https://www.congress.gov/member/benjamin-cardin/C000141,Maryland,,Democratic,"Senate: 2007-Present | House: 1987-2007"
"Representative Cardoza, Dennis A.",https://www.congress.gov/member/dennis-cardoza/C001050,California,18,Democratic,"House: 2003-2012"
"Representative Carnahan, Russ",https://www.congress.gov/member/russ-carnahan/C001060,Missouri,3,Democratic,"House: 2005-2013"
"Representative Carney, John C., Jr.",https://www.congress.gov/member/john-carney/C001083,Delaware,,Democratic,"House: 2011-2017"
"Senator Carper, Thomas R.",https://www.congress.gov/member/thomas-carper/C000174,Delaware,,Democratic,"Senate: 2001-Present | House: 1983-1993"
"Representative Carson, Andre",https://www.congress.gov/member/andre-carson/C001072,Indiana,7,Democratic,"House: 2008-Present"
"Representative Carter, John R.",https://www.congress.gov/member/john-carter/C001051,Texas,31,Republican,"House: 2003-Present"
"Senator Casey, Robert P., Jr.",https://www.congress.gov/member/bob-casey/C001070,Pennsylvania,,Democratic,"Senate: 2007-Present"
"Senator Cassidy, Bill",https://www.congress.gov/member/bill-cassidy/C001075,Louisiana,,Republican,"Senate: 2015-Present | House: 2009-2015"
"Representative Castor, Kathy",https://www.congress.gov/member/kathy-castor/C001066,Florida,14,Democratic,"House: 2007-Present"
"Representative Chabot, Steve",https://www.congress.gov/member/steve-chabot/C000266,Ohio,1,Republican,"House: 1995-2009, 2011-Present"
"Representative Chaffetz, Jason",https://www.congress.gov/member/jason-chaffetz/C001076,Utah,3,Republican,"House: 2009-2017"
"Senator Chambliss, Saxby",https://www.congress.gov/member/saxby-chambliss/C000286,Georgia,,Republican,"Senate: 2003-2015 | House: 1995-2003"
"Representative Chandler, Ben",https://www.congress.gov/member/ben-chandler/C001058,Kentucky,6,Democratic,"House: 2004-2013"
"Representative Christensen, Donna M.",https://www.congress.gov/member/donna-christensen/C000380,"Virgin Islands",,Democratic,"House: 1997-2015"
"Representative Chu, Judy",https://www.congress.gov/member/judy-chu/C001080,California,27,Democratic,"House: 2009-Present"
"Representative Cicilline, David N.",https://www.congress.gov/member/david-cicilline/C001084,"Rhode Island",1,Democratic,"House: 2011-Present"
"Representative Clarke, Hansen",https://www.congress.gov/member/hansen-clarke/C001085,Michigan,13,Democratic,"House: 2011-2013"
"Representative Clarke, Yvette D.",https://www.congress.gov/member/yvette-clarke/C001067,"New York",9,Democratic,"House: 2007-Present"
"Representative Clay, Wm. Lacy",https://www.congress.gov/member/wm-clay/C001049,Missouri,1,Democratic,"House: 2001-Present"
"Representative Cleaver, Emanuel",https://www.congress.gov/member/emanuel-cleaver/C001061,Missouri,5,Democratic,"House: 2005-Present"
"Representative Clyburn, James E.",https://www.congress.gov/member/james-clyburn/C000537,"South Carolina",6,Democratic,"House: 1993-Present"
"Senator Coats, Daniel",https://www.congress.gov/member/daniel-coats/C000542,Indiana,,Republican,"Senate: 1989-1999, 2011-2017 | House: 1981-1989"
"Representative Coble, Howard",https://www.congress.gov/member/howard-coble/C000556,"North Carolina",6,Republican,"House: 1985-2015"
"Senator Coburn, Tom",https://www.congress.gov/member/tom-coburn/C000560,Oklahoma,,Republican,"Senate: 2005-2015 | House: 1995-2001"
"Senator Cochran, Thad",https://www.congress.gov/member/thad-cochran/C000567,Mississippi,,Republican,"Senate: 1979-2018 | House: 1973-1979"
"Representative Coffman, Mike",https://www.congress.gov/member/mike-coffman/C001077,Colorado,6,Republican,"House: 2009-2019"
"Representative Cohen, Steve",https://www.congress.gov/member/steve-cohen/C001068,Tennessee,9,Democratic,"House: 2007-Present"
"Representative Cole, Tom",https://www.congress.gov/member/tom-cole/C001053,Oklahoma,4,Republican,"House: 2003-Present"
"Senator Collins, Susan M.",https://www.congress.gov/member/susan-collins/C001035,Maine,,Republican,"Senate: 1997-Present"
"Representative Conaway, K. Michael",https://www.congress.gov/member/k-conaway/C001062,Texas,11,Republican,"House: 2005-Present"
"Representative Connolly, Gerald E.",https://www.congress.gov/member/gerald-connolly/C001078,Virginia,11,Democratic,"House: 2009-Present"
"Senator Conrad, Kent",https://www.congress.gov/member/kent-conrad/C000705,"North Dakota",,Democratic,"Senate: 1987-2013"
"Representative Conyers, John, Jr.",https://www.congress.gov/member/john-conyers/C000714,Michigan,13,Democratic,"House: 1965-2017"
"Senator Coons, Christopher A.",https://www.congress.gov/member/christopher-coons/C001088,Delaware,,Democratic,"Senate: 2010-Present"
"Representative Cooper, Jim",https://www.congress.gov/member/james-cooper/C000754,Tennessee,5,Democratic,"House: 1983-1995, 2003-Present"
"Senator Corker, Bob",https://www.congress.gov/member/bob-corker/C001071,Tennessee,,Republican,"Senate: 2007-2019"
"Senator Cornyn, John",https://www.congress.gov/member/john-cornyn/C001056,Texas,,Republican,"Senate: 2002-Present"
"Representative Costa, Jim",https://www.congress.gov/member/jim-costa/C001059,California,16,Democratic,"House: 2005-Present"
"Representative Costello, Jerry F.",https://www.congress.gov/member/jerry-costello/C000794,Illinois,12,Democratic,"House: 1987-2013"
"Representative Courtney, Joe",https://www.congress.gov/member/joe-courtney/C001069,Connecticut,2,Democratic,"House: 2007-Present"
"Senator Crapo, Mike",https://www.congress.gov/member/michael-crapo/C000880,Idaho,,Republican,"Senate: 1999-Present | House: 1993-1999"
"Representative Cravaack, Chip",https://www.congress.gov/member/chip-cravaack/C001086,Minnesota,8,Republican,"House: 2011-2013"
"Representative Crawford, Eric A. ""Rick""",https://www.congress.gov/member/eric-crawford/C001087,Arkansas,1,Republican,"House: 2011-Present"
"Representative Crenshaw, Ander",https://www.congress.gov/member/ander-crenshaw/C001045,Florida,4,Republican,"House: 2001-2017"
"Representative Critz, Mark S.",https://www.congress.gov/member/mark-critz/C001081,Pennsylvania,12,Democratic,"House: 2010-2013"
"Representative Crowley, Joseph",https://www.congress.gov/member/joseph-crowley/C001038,"New York",14,Democratic,"House: 1999-2019"
"Representative Cuellar, Henry",https://www.congress.gov/member/henry-cuellar/C001063,Texas,28,Democratic,"House: 2005-Present"
"Representative Culberson, John Abney",https://www.congress.gov/member/john-culberson/C001048,Texas,7,Republican,"House: 2001-2019"
"Representative Cummings, Elijah E.",https://www.congress.gov/member/elijah-cummings/C000984,Maryland,7,Democratic,"House: 1995-2019"
"Representative Curson, David Alan",https://www.congress.gov/member/david-curson/C001089,Michigan,11,Democratic,"House: 2012-2013"
"Representative Davis, Danny K.",https://www.congress.gov/member/danny-davis/D000096,Illinois,7,Democratic,"House: 1997-Present"
"Representative Davis, Geoff",https://www.congress.gov/member/geoff-davis/D000603,Kentucky,4,Republican,"House: 2005-2012"
"Representative Davis, Susan A.",https://www.congress.gov/member/susan-davis/D000598,California,53,Democratic,"House: 2001-Present"
"Representative DeFazio, Peter A.",https://www.congress.gov/member/peter-defazio/D000191,Oregon,4,Democratic,"House: 1987-Present"
"Representative DeGette, Diana",https://www.congress.gov/member/diana-degette/D000197,Colorado,1,Democratic,"House: 1997-Present"
"Representative DeLauro, Rosa L.",https://www.congress.gov/member/rosa-delauro/D000216,Connecticut,3,Democratic,"House: 1991-Present"
"Representative DelBene, Suzan K.",https://www.congress.gov/member/suzan-delbene/D000617,Washington,1,Democratic,"House: 2012-Present"
"Senator DeMint, Jim",https://www.congress.gov/member/james-demint/D000595,"South Carolina",,Republican,"Senate: 2005-2012 | House: 1999-2005"
"Representative Denham, Jeff",https://www.congress.gov/member/jeff-denham/D000612,California,10,Republican,"House: 2011-2019"
"Representative Dent, Charles W.",https://www.congress.gov/member/charles-dent/D000604,Pennsylvania,15,Republican,"House: 2005-2018"
"Representative DesJarlais, Scott",https://www.congress.gov/member/scott-desjarlais/D000616,Tennessee,4,Republican,"House: 2011-Present"
"Representative Deutch, Theodore E.",https://www.congress.gov/member/theodore-deutch/D000610,Florida,22,Democratic,"House: 2010-Present"
"Representative Diaz-Balart, Mario",https://www.congress.gov/member/mario-diaz-balart/D000600,Florida,25,Republican,"House: 2003-Present"
"Representative Dicks, Norman D.",https://www.congress.gov/member/norman-dicks/D000327,Washington,6,Democratic,"House: 1977-2013"
"Representative Dingell, John D.",https://www.congress.gov/member/john-dingell/D000355,Michigan,12,Democratic,"House: 1955-2015"
"Representative Doggett, Lloyd",https://www.congress.gov/member/lloyd-doggett/D000399,Texas,35,Democratic,"House: 1995-Present"
"Representative Dold, Robert J.",https://www.congress.gov/member/robert-dold/D000613,Illinois,10,Republican,"House: 2011-2013, 2015-2017"
"Senator Donnelly, Joe",https://www.congress.gov/member/joe-donnelly/D000607,Indiana,,Democratic,"Senate: 2013-2019 | House: 2007-2013"
"Representative Doyle, Michael F.",https://www.congress.gov/member/mike-doyle/D000482,Pennsylvania,18,Democratic,"House: 1995-Present"
"Representative Dreier, David",https://www.congress.gov/member/david-dreier/D000492,California,26,Republican,"House: 1981-2013"
"Representative Duffy, Sean P.",https://www.congress.gov/member/sean-duffy/D000614,Wisconsin,7,Republican,"House: 2011-2019"
"Representative Duncan, Jeff",https://www.congress.gov/member/jeff-duncan/D000615,"South Carolina",3,Republican,"House: 2011-Present"
"Representative Duncan, John J., Jr.",https://www.congress.gov/member/john-duncan/D000533,Tennessee,2,Republican,"House: 1987-2019"
"Senator Durbin, Richard J.",https://www.congress.gov/member/richard-durbin/D000563,Illinois,,Democratic,"Senate: 1997-Present | House: 1983-1997"
"Representative Edwards, Donna F.",https://www.congress.gov/member/donna-edwards/E000290,Maryland,4,Democratic,"House: 2008-2017"
"Representative Ellison, Keith",https://www.congress.gov/member/keith-ellison/E000288,Minnesota,5,Democratic,"House: 2007-2019"
"Representative Ellmers, Renee L.",https://www.congress.gov/member/renee-ellmers/E000291,"North Carolina",2,Republican,"House: 2011-2017"
"Representative Emerson, Jo Ann",https://www.congress.gov/member/jo-emerson/E000172,Missouri,8,Republican,"House: 1997-2013"
"Representative Engel, Eliot L.",https://www.congress.gov/member/eliot-engel/E000179,"New York",16,Democratic,"House: 1989-Present"
"Senator Ensign, John",https://www.congress.gov/member/john-ensign/E000194,Nevada,,Republican,"Senate: 2001-2011 | House: 1995-1999"
"Senator Enzi, Michael B.",https://www.congress.gov/member/michael-enzi/E000285,Wyoming,,Republican,"Senate: 1997-Present"
"Representative Eshoo, Anna G.",https://www.congress.gov/member/anna-eshoo/E000215,California,18,Democratic,"House: 1993-Present"
"Representative Faleomavaega, Eni F. H.",https://www.congress.gov/member/eni-faleomavaega/F000010,"American Samoa",,Democratic,"House: 1989-2015"
"Representative Farenthold, Blake",https://www.congress.gov/member/blake-farenthold/F000460,Texas,27,Republican,"House: 2011-2018"
"Representative Farr, Sam",https://www.congress.gov/member/sam-farr/F000030,California,20,Democratic,"House: 1993-2017"
"Representative Fattah, Chaka",https://www.congress.gov/member/chaka-fattah/F000043,Pennsylvania,2,Democratic,"House: 1995-2016"
"Senator Feinstein, Dianne",https://www.congress.gov/member/dianne-feinstein/F000062,California,,Democratic,"Senate: 1992-Present"
"Representative Filner, Bob",https://www.congress.gov/member/bob-filner/F000116,California,51,Democratic,"House: 1993-2013"
"Representative Fincher, Stephen Lee",https://www.congress.gov/member/stephen-fincher/F000458,Tennessee,8,Republican,"House: 2011-2017"
"Representative Fitzpatrick, Michael G.",https://www.congress.gov/member/michael-fitzpatrick/F000451,Pennsylvania,8,Republican,"House: 2005-2007, 2011-2017"
"Senator Flake, Jeff",https://www.congress.gov/member/jeff-flake/F000444,Arizona,,Republican,"Senate: 2013-2019 | House: 2001-2013"
"Representative Fleischmann, Charles J. ""Chuck""",https://www.congress.gov/member/charles-fleischmann/F000459,Tennessee,3,Republican,"House: 2011-Present"
"Representative Fleming, John",https://www.congress.gov/member/john-fleming/F000456,Louisiana,4,Republican,"House: 2009-2017"
"Representative Flores, Bill",https://www.congress.gov/member/bill-flores/F000461,Texas,17,Republican,"House: 2011-Present"
"Representative Forbes, J. Randy",https://www.congress.gov/member/j-forbes/F000445,Virginia,4,Republican,"House: 2001-2017"
"Representative Fortenberry, Jeff",https://www.congress.gov/member/jeff-fortenberry/F000449,Nebraska,1,Republican,"House: 2005-Present"
"Representative Foxx, Virginia",https://www.congress.gov/member/virginia-foxx/F000450,"North Carolina",5,Republican,"House: 2005-Present"
"Representative Frank, Barney",https://www.congress.gov/member/barney-frank/F000339,Massachusetts,4,Democratic,"House: 1981-2013"
"Senator Franken, Al",https://www.congress.gov/member/al-franken/F000457,Minnesota,,Democratic,"Senate: 2009-2018"
"Representative Franks, Trent",https://www.congress.gov/member/trent-franks/F000448,Arizona,8,Republican,"House: 2003-2017"
"Representative Frelinghuysen, Rodney P.",https://www.congress.gov/member/rodney-frelinghuysen/F000372,"New Jersey",11,Republican,"House: 1995-2019"
"Representative Fudge, Marcia L.",https://www.congress.gov/member/marcia-fudge/F000455,Ohio,11,Democratic,"House: 2008-Present"
"Representative Gallegly, Elton",https://www.congress.gov/member/elton-gallegly/G000021,California,24,Republican,"House: 1987-2013"
"Representative Garamendi, John",https://www.congress.gov/member/john-garamendi/G000559,California,3,Democratic,"House: 2009-Present"
"Senator Gardner, Cory",https://www.congress.gov/member/cory-gardner/G000562,Colorado,,Republican,"Senate: 2015-Present | House: 2011-2015"
"Representative Garrett, Scott",https://www.congress.gov/member/scott-garrett/G000548,"New Jersey",5,Republican,"House: 2003-2017"
"Representative Gerlach, Jim",https://www.congress.gov/member/jim-gerlach/G000549,Pennsylvania,6,Republican,"House: 2003-2015"
"Representative Gibbs, Bob",https://www.congress.gov/member/bob-gibbs/G000563,Ohio,7,Republican,"House: 2011-Present"
"Representative Gibson, Christopher P.",https://www.congress.gov/member/christopher-gibson/G000564,"New York",19,Republican,"House: 2011-2017"
"Representative Giffords, Gabrielle",https://www.congress.gov/member/gabrielle-giffords/G000554,Arizona,8,Democratic,"House: 2007-2012"
"Senator Gillibrand, Kirsten E.",https://www.congress.gov/member/kirsten-gillibrand/G000555,"New York",,Democratic,"Senate: 2009-Present | House: 2007-2009"
"Representative Gingrey, Phil",https://www.congress.gov/member/phil-gingrey/G000550,Georgia,11,Republican,"House: 2003-2015"
"Representative Gohmert, Louie",https://www.congress.gov/member/louie-gohmert/G000552,Texas,1,Republican,"House: 2005-Present"
"Representative Gonzalez, Charles A.",https://www.congress.gov/member/charles-gonzalez/G000544,Texas,20,Democratic,"House: 1999-2013"
"Representative Goodlatte, Bob",https://www.congress.gov/member/robert-goodlatte/G000289,Virginia,6,Republican,"House: 1993-2019"
"Representative Gosar, Paul A.",https://www.congress.gov/member/paul-gosar/G000565,Arizona,4,Republican,"House: 2011-Present"
"Representative Gowdy, Trey",https://www.congress.gov/member/trey-gowdy/G000566,"South Carolina",4,Republican,"House: 2011-2019"
"Senator Graham, Lindsey",https://www.congress.gov/member/lindsey-graham/G000359,"South Carolina",,Republican,"Senate: 2003-Present | House: 1995-2003"
"Representative Granger, Kay",https://www.congress.gov/member/kay-granger/G000377,Texas,12,Republican,"House: 1997-Present"
"Senator Grassley, Chuck",https://www.congress.gov/member/charles-grassley/G000386,Iowa,,Republican,"Senate: 1981-Present | House: 1975-1981"
"Representative Graves, Sam",https://www.congress.gov/member/sam-graves/G000546,Missouri,6,Republican,"House: 2001-Present"
"Representative Graves, Tom",https://www.congress.gov/member/tom-graves/G000560,Georgia,14,Republican,"House: 2010-Present"
"Representative Green, Al",https://www.congress.gov/member/al-green/G000553,Texas,9,Democratic,"House: 2005-Present"
"Representative Green, Gene",https://www.congress.gov/member/gene-green/G000410,Texas,29,Democratic,"House: 1993-2019"
"Representative Griffin, Tim",https://www.congress.gov/member/tim-griffin/G000567,Arkansas,2,Republican,"House: 2011-2015"
"Representative Griffith, H. Morgan",https://www.congress.gov/member/h-griffith/G000568,Virginia,9,Republican,"House: 2011-Present"
"Representative Grijalva, Raul M.",https://www.congress.gov/member/raul-grijalva/G000551,Arizona,3,Democratic,"House: 2003-Present"
"Representative Grimm, Michael G.",https://www.congress.gov/member/michael-grimm/G000569,"New York",11,Republican,"House: 2011-2015"
"Representative Guinta, Frank C.",https://www.congress.gov/member/frank-guinta/G000570,"New Hampshire",1,Republican,"House: 2011-2013, 2015-2017"
"Representative Guthrie, Brett",https://www.congress.gov/member/brett-guthrie/G000558,Kentucky,2,Republican,"House: 2009-Present"
"Representative Gutierrez, Luis V.",https://www.congress.gov/member/luis-gutierrez/G000535,Illinois,4,Democratic,"House: 1993-2019"
"Senator Hagan, Kay R.",https://www.congress.gov/member/kay-hagan/H001049,"North Carolina",,Democratic,"Senate: 2009-2015"
"Representative Hahn, Janice",https://www.congress.gov/member/janice-hahn/H001063,California,44,Democratic,"House: 2011-2017"
"Representative Hall, Ralph M.",https://www.congress.gov/member/ralph-hall/H000067,Texas,4,Republican,"House: 1981-2015"
"Representative Hanabusa, Colleen",https://www.congress.gov/member/colleen-hanabusa/H001050,Hawaii,1,Democratic,"House: 2011-2019"
"Representative Hanna, Richard L.",https://www.congress.gov/member/richard-hanna/H001051,"New York",22,Republican,"House: 2011-2017"
"Senator Harkin, Tom",https://www.congress.gov/member/thomas-harkin/H000206,Iowa,,Democratic,"Senate: 1985-2015 | House: 1975-1985"
"Representative Harman, Jane",https://www.congress.gov/member/jane-harman/H000213,California,36,Democratic,"House: 1993-1999, 2001-2011"
"Representative Harper, Gregg",https://www.congress.gov/member/gregg-harper/H001045,Mississippi,3,Republican,"House: 2009-2019"
"Representative Harris, Andy",https://www.congress.gov/member/andy-harris/H001052,Maryland,1,Republican,"House: 2011-Present"
"Representative Hartzler, Vicky",https://www.congress.gov/member/vicky-hartzler/H001053,Missouri,4,Republican,"House: 2011-Present"
"Representative Hastings, Alcee L.",https://www.congress.gov/member/alcee-hastings/H000324,Florida,20,Democratic,"House: 1993-Present"
"Representative Hastings, Doc",https://www.congress.gov/member/doc-hastings/H000329,Washington,4,Republican,"House: 1995-2015"
"Senator Hatch, Orrin G.",https://www.congress.gov/member/orrin-hatch/H000338,Utah,,Republican,"Senate: 1977-2019"
"Representative Hayworth, Nan A. S.",https://www.congress.gov/member/nan-hayworth/H001054,"New York",19,Republican,"House: 2011-2013"
"Representative Heck, Joseph J.",https://www.congress.gov/member/joseph-heck/H001055,Nevada,3,Republican,"House: 2011-2017"
"Senator Heinrich, Martin",https://www.congress.gov/member/martin-heinrich/H001046,"New Mexico",,Democratic,"Senate: 2013-Present | House: 2009-2013"
"Senator Heller, Dean",https://www.congress.gov/member/dean-heller/H001041,Nevada,,Republican,"Senate: 2011-2019 | House: 2007-2011"
"Representative Hensarling, Jeb",https://www.congress.gov/member/jeb-hensarling/H001036,Texas,5,Republican,"House: 2003-2019"
"Representative Herger, Wally",https://www.congress.gov/member/wally-herger/H000528,California,2,Republican,"House: 1987-2013"
"Representative Herrera Beutler, Jaime",https://www.congress.gov/member/jaime-herrera-beutler/H001056,Washington,3,Republican,"House: 2011-Present"
"Representative Higgins, Brian",https://www.congress.gov/member/brian-higgins/H001038,"New York",26,Democratic,"House: 2005-Present"
"Representative Himes, James A.",https://www.congress.gov/member/james-himes/H001047,Connecticut,4,Democratic,"House: 2009-Present"
"Representative Hinchey, Maurice D.",https://www.congress.gov/member/maurice-hinchey/H000627,"New York",22,Democratic,"House: 1993-2013"
"Representative Hinojosa, Ruben",https://www.congress.gov/member/ruben-hinojosa/H000636,Texas,15,Democratic,"House: 1997-2017"
"Senator Hirono, Mazie K.",https://www.congress.gov/member/mazie-hirono/H001042,Hawaii,,Democratic,"Senate: 2013-Present | House: 2007-2013"
"Representative Hochul, Kathleen C.",https://www.congress.gov/member/kathleen-hochul/H001062,"New York",26,Democratic,"House: 2011-2013"
"Senator Hoeven, John",https://www.congress.gov/member/john-hoeven/H001061,"North Dakota",,Republican,"Senate: 2011-Present"
"Representative Holden, Tim",https://www.congress.gov/member/tim-holden/H000712,Pennsylvania,17,Democratic,"House: 1993-2013"
"Representative Holt, Rush",https://www.congress.gov/member/rush-holt/H001032,"New Jersey",12,Democratic,"House: 1999-2015"
"Representative Honda, Michael M.",https://www.congress.gov/member/michael-honda/H001034,California,17,Democratic,"House: 2001-2017"
"Representative Hoyer, Steny H.",https://www.congress.gov/member/steny-hoyer/H000874,Maryland,5,Democratic,"House: 1981-Present"
"Representative Huelskamp, Tim",https://www.congress.gov/member/tim-huelskamp/H001057,Kansas,1,Republican,"House: 2011-2017"
"Representative Huizenga, Bill",https://www.congress.gov/member/bill-huizenga/H001058,Michigan,2,Republican,"House: 2011-Present"
"Representative Hultgren, Randy",https://www.congress.gov/member/randy-hultgren/H001059,Illinois,14,Republican,"House: 2011-2019"
"Representative Hunter, Duncan D.",https://www.congress.gov/member/duncan-hunter/H001048,California,50,Republican,"House: 2009-Present"
"Representative Hurt, Robert",https://www.congress.gov/member/robert-hurt/H001060,Virginia,5,Republican,"House: 2011-2017"
"Senator Hutchison, Kay Bailey",https://www.congress.gov/member/kay-hutchison/H001016,Texas,,Republican,"Senate: 1993-2013"
"Senator Inhofe, James M.",https://www.congress.gov/member/jim-inhofe/I000024,Oklahoma,,Republican,"Senate: 1994-Present | House: 1987-1995"
"Senator Inouye, Daniel K.",https://www.congress.gov/member/daniel-inouye/I000025,Hawaii,,Democratic,"Senate: 1963-2012 | House: 1959-1963"
"Representative Inslee, Jay",https://www.congress.gov/member/jay-inslee/I000026,Washington,1,Democratic,"House: 1993-1995, 1999-2012"
"Senator Isakson, Johnny",https://www.congress.gov/member/johnny-isakson/I000055,Georgia,,Republican,"Senate: 2005-Present | House: 1999-2005"
"Representative Israel, Steve",https://www.congress.gov/member/steve-israel/I000057,"New York",3,Democratic,"House: 2001-2017"
"Representative Issa, Darrell E.",https://www.congress.gov/member/darrell-issa/I000056,California,49,Republican,"House: 2001-2019"
"Representative Jackson Lee, Sheila",https://www.congress.gov/member/sheila-jackson-lee/J000032,Texas,18,Democratic,"House: 1995-Present"
"Representative Jackson, Jesse L., Jr.",https://www.congress.gov/member/jesse-jackson/J000283,Illinois,2,Democratic,"House: 1995-2012"
"Representative Jenkins, Lynn",https://www.congress.gov/member/lynn-jenkins/J000290,Kansas,2,Republican,"House: 2009-2019"
"Senator Johanns, Mike",https://www.congress.gov/member/mike-johanns/J000291,Nebraska,,Republican,"Senate: 2009-2015"
"Representative Johnson, Bill",https://www.congress.gov/member/bill-johnson/J000292,Ohio,6,Republican,"House: 2011-Present"
"Representative Johnson, Eddie Bernice",https://www.congress.gov/member/eddie-johnson/J000126,Texas,30,Democratic,"House: 1993-Present"
"Representative Johnson, Henry C. ""Hank,"" Jr.",https://www.congress.gov/member/henry-johnson/J000288,Georgia,4,Democratic,"House: 2007-Present"
"Senator Johnson, Ron",https://www.congress.gov/member/ron-johnson/J000293,Wisconsin,,Republican,"Senate: 2011-Present"
"Representative Johnson, Sam",https://www.congress.gov/member/sam-johnson/J000174,Texas,3,Republican,"House: 1991-2019"
"Senator Johnson, Tim",https://www.congress.gov/member/tim-johnson/J000177,"South Dakota",,Democratic,"Senate: 1997-2015 | House: 1987-1997"
"Representative Johnson, Timothy V.",https://www.congress.gov/member/timothy-johnson/J000285,Illinois,15,Republican,"House: 2001-2013"
"Representative Jones, Walter B., Jr.",https://www.congress.gov/member/walter-jones/J000255,"North Carolina",3,Republican,"House: 1995-2019"
"Representative Jordan, Jim",https://www.congress.gov/member/jim-jordan/J000289,Ohio,4,Republican,"House: 2007-Present"
"Representative Kaptur, Marcy",https://www.congress.gov/member/marcy-kaptur/K000009,Ohio,9,Democratic,"House: 1983-Present"
"Representative Keating, William R.",https://www.congress.gov/member/william-keating/K000375,Massachusetts,9,Democratic,"House: 2011-Present"
"Representative Kelly, Mike",https://www.congress.gov/member/mike-kelly/K000376,Pennsylvania,16,Republican,"House: 2011-Present"
"Senator Kerry, John F.",https://www.congress.gov/member/john-kerry/K000148,Massachusetts,,Democratic,"Senate: 1985-2013"
"Representative Kildee, Dale E.",https://www.congress.gov/member/dale-kildee/K000172,Michigan,5,Democratic,"House: 1977-2013"
"Representative Kind, Ron",https://www.congress.gov/member/ron-kind/K000188,Wisconsin,3,Democratic,"House: 1997-Present"
"Representative King, Peter T.",https://www.congress.gov/member/peter-king/K000210,"New York",2,Republican,"House: 1993-Present"
"Representative King, Steve",https://www.congress.gov/member/steve-king/K000362,Iowa,4,Republican,"House: 2003-Present"
"Representative Kingston, Jack",https://www.congress.gov/member/jack-kingston/K000220,Georgia,1,Republican,"House: 1993-2015"
"Representative Kinzinger, Adam",https://www.congress.gov/member/adam-kinzinger/K000378,Illinois,16,Republican,"House: 2011-Present"
"Senator Kirk, Mark Steven",https://www.congress.gov/member/mark-kirk/K000360,Illinois,,Republican,"Senate: 2010-2017 | House: 2001-2010"
"Representative Kissell, Larry",https://www.congress.gov/member/larry-kissell/K000369,"North Carolina",8,Democratic,"House: 2009-2013"
"Representative Kline, John",https://www.congress.gov/member/john-kline/K000363,Minnesota,2,Republican,"House: 2003-2017"
"Senator Klobuchar, Amy",https://www.congress.gov/member/amy-klobuchar/K000367,Minnesota,,Democratic,"Senate: 2007-Present"
"Senator Kohl, Herb",https://www.congress.gov/member/herbert-kohl/K000305,Wisconsin,,Democratic,"Senate: 1989-2013"
"Representative Kucinich, Dennis J.",https://www.congress.gov/member/dennis-kucinich/K000336,Ohio,10,Democratic,"House: 1997-2013"
"Senator Kyl, Jon",https://www.congress.gov/member/jon-kyl/K000352,Arizona,,Republican,"Senate: 1995-2013, 2018-2019 | House: 1987-1995"
"Representative Labrador, Raul R.",https://www.congress.gov/member/raul-labrador/L000573,Idaho,1,Republican,"House: 2011-2019"
"Representative Lamborn, Doug",https://www.congress.gov/member/doug-lamborn/L000564,Colorado,5,Republican,"House: 2007-Present"
"Representative Lance, Leonard",https://www.congress.gov/member/leonard-lance/L000567,"New Jersey",7,Republican,"House: 2009-2019"
"Senator Landrieu, Mary L.",https://www.congress.gov/member/mary-landrieu/L000550,Louisiana,,Democratic,"Senate: 1997-2015"
"Representative Landry, Jeffrey M.",https://www.congress.gov/member/jeffrey-landry/L000574,Louisiana,3,Republican,"House: 2011-2013"
"Representative Langevin, James R.",https://www.congress.gov/member/james-langevin/L000559,"Rhode Island",2,Democratic,"House: 2001-Present"
"Senator Lankford, James",https://www.congress.gov/member/james-lankford/L000575,Oklahoma,,Republican,"Senate: 2015-Present | House: 2011-2015"
"Representative Larsen, Rick",https://www.congress.gov/member/rick-larsen/L000560,Washington,2,Democratic,"House: 2001-Present"
"Representative Larson, John B.",https://www.congress.gov/member/john-larson/L000557,Connecticut,1,Democratic,"House: 1999-Present"
"Representative Latham, Tom",https://www.congress.gov/member/tom-latham/L000111,Iowa,3,Republican,"House: 1995-2015"
"Representative LaTourette, Steven C.",https://www.congress.gov/member/steven-latourette/L000553,Ohio,14,Republican,"House: 1995-2013"
"Representative Latta, Robert E.",https://www.congress.gov/member/robert-latta/L000566,Ohio,5,Republican,"House: 2007-Present"
"Senator Lautenberg, Frank R.",https://www.congress.gov/member/frank-lautenberg/L000123,"New Jersey",,Democratic,"Senate: 1983-2001, 2003-2013"
"Senator Leahy, Patrick J.",https://www.congress.gov/member/patrick-leahy/L000174,Vermont,,Democratic,"Senate: 1975-Present"
"Representative Lee, Barbara",https://www.congress.gov/member/barbara-lee/L000551,California,13,Democratic,"House: 1997-Present"
"Representative Lee, Christopher J.",https://www.congress.gov/member/christopher-lee/L000568,"New York",26,Republican,"House: 2009-2011"
"Senator Lee, Mike",https://www.congress.gov/member/mike-lee/L000577,Utah,,Republican,"Senate: 2011-Present"
"Senator Levin, Carl",https://www.congress.gov/member/carl-levin/L000261,Michigan,,Democratic,"Senate: 1979-2015"
"Representative Levin, Sander M.",https://www.congress.gov/member/sander-levin/L000263,Michigan,9,Democratic,"House: 1983-2019"
"Representative Lewis, Jerry",https://www.congress.gov/member/jerry-lewis/L000274,California,41,Republican,"House: 1979-2013"
"Representative Lewis, John",https://www.congress.gov/member/john-lewis/L000287,Georgia,5,Democratic,"House: 1987-Present"
"Senator Lieberman, Joseph I.",https://www.congress.gov/member/joseph-lieberman/L000304,Connecticut,,"Independent Democrat","Senate: 1989-2013"
"Representative Lipinski, Daniel",https://www.congress.gov/member/daniel-lipinski/L000563,Illinois,3,Democratic,"House: 2005-Present"
"Representative LoBiondo, Frank A.",https://www.congress.gov/member/frank-lobiondo/L000554,"New Jersey",2,Republican,"House: 1995-2019"
"Representative Loebsack, David",https://www.congress.gov/member/david-loebsack/L000565,Iowa,2,Democratic,"House: 2007-Present"
"Representative Lofgren, Zoe",https://www.congress.gov/member/zoe-lofgren/L000397,California,19,Democratic,"House: 1995-Present"
"Representative Long, Billy",https://www.congress.gov/member/billy-long/L000576,Missouri,7,Republican,"House: 2011-Present"
"Representative Lowey, Nita M.",https://www.congress.gov/member/nita-lowey/L000480,"New York",17,Democratic,"House: 1989-Present"
"Representative Lucas, Frank D.",https://www.congress.gov/member/frank-lucas/L000491,Oklahoma,3,Republican,"House: 1993-Present"
"Representative Luetkemeyer, Blaine",https://www.congress.gov/member/blaine-luetkemeyer/L000569,Missouri,3,Republican,"House: 2009-Present"
"Senator Lugar, Richard G.",https://www.congress.gov/member/richard-lugar/L000504,Indiana,,Republican,"Senate: 1977-2013"
"Representative Lujan, Ben Ray",https://www.congress.gov/member/ben-lujan/L000570,"New Mexico",3,Democratic,"House: 2009-Present"
"Representative Lummis, Cynthia M.",https://www.congress.gov/member/cynthia-lummis/L000571,Wyoming,,Republican,"House: 2009-2017"
"Representative Lungren, Daniel E.",https://www.congress.gov/member/daniel-lungren/L000517,California,3,Republican,"House: 1979-1989, 2005-2013"
"Representative Lynch, Stephen F.",https://www.congress.gov/member/stephen-lynch/L000562,Massachusetts,8,Democratic,"House: 2001-Present"
"Representative Mack, Connie",https://www.congress.gov/member/connie-mack/M001155,Florida,14,Republican,"House: 2005-2013"
"Representative Maloney, Carolyn B.",https://www.congress.gov/member/carolyn-maloney/M000087,"New York",12,Democratic,"House: 1993-Present"
"Senator Manchin, Joe, III",https://www.congress.gov/member/joe-manchin/M001183,"West Virginia",,Democratic,"Senate: 2010-Present"
"Representative Manzullo, Donald A.",https://www.congress.gov/member/donald-manzullo/M001138,Illinois,16,Republican,"House: 1993-2013"
"Representative Marchant, Kenny",https://www.congress.gov/member/kenny-marchant/M001158,Texas,24,Republican,"House: 2005-Present"
"Representative Marino, Tom",https://www.congress.gov/member/tom-marino/M001179,Pennsylvania,12,Republican,"House: 2011-2019"
"Senator Markey, Edward J.",https://www.congress.gov/member/edward-markey/M000133,Massachusetts,,Democratic,"Senate: 2013-Present | House: 1977-2013"
"Representative Massie, Thomas",https://www.congress.gov/member/thomas-massie/M001184,Kentucky,4,Republican,"House: 2012-Present"
"Representative Matheson, Jim",https://www.congress.gov/member/jim-matheson/M001142,Utah,4,Democratic,"House: 2001-2015"
"Representative Matsui, Doris O.",https://www.congress.gov/member/doris-matsui/M001163,California,6,Democratic,"House: 2005-Present"
"Senator McCain, John",https://www.congress.gov/member/john-mccain/M000303,Arizona,,Republican,"Senate: 1987-2018 | House: 1983-1987"
"Representative McCarthy, Carolyn",https://www.congress.gov/member/carolyn-mccarthy/M000309,"New York",4,Democratic,"House: 1997-2015"
"Representative McCarthy, Kevin",https://www.congress.gov/member/kevin-mccarthy/M001165,California,23,Republican,"House: 2007-Present"
"Senator McCaskill, Claire",https://www.congress.gov/member/claire-mccaskill/M001170,Missouri,,Democratic,"Senate: 2007-2019"
"Representative McCaul, Michael T.",https://www.congress.gov/member/michael-mccaul/M001157,Texas,10,Republican,"House: 2005-Present"
"Representative McClintock, Tom",https://www.congress.gov/member/tom-mcclintock/M001177,California,4,Republican,"House: 2009-Present"
"Representative McCollum, Betty",https://www.congress.gov/member/betty-mccollum/M001143,Minnesota,4,Democratic,"House: 2001-Present"
"Senator McConnell, Mitch",https://www.congress.gov/member/mitch-mcconnell/M000355,Kentucky,,Republican,"Senate: 1985-Present"
"Representative McCotter, Thaddeus G.",https://www.congress.gov/member/thaddeus-mccotter/M001147,Michigan,11,Republican,"House: 2003-2012"
"Representative McDermott, Jim",https://www.congress.gov/member/jim-mcdermott/M000404,Washington,7,Democratic,"House: 1989-2017"
"Representative McGovern, James P.",https://www.congress.gov/member/james-mcgovern/M000312,Massachusetts,2,Democratic,"House: 1997-Present"
"Representative McHenry, Patrick T.",https://www.congress.gov/member/patrick-mchenry/M001156,"North Carolina",10,Republican,"House: 2005-Present"
"Representative McIntyre, Mike",https://www.congress.gov/member/mike-mcintyre/M000485,"North Carolina",7,Democratic,"House: 1997-2015"
"Representative McKeon, Howard P. ""Buck""",https://www.congress.gov/member/howard-mckeon/M000508,California,25,Republican,"House: 1993-2015"
"Representative McKinley, David B.",https://www.congress.gov/member/david-mckinley/M001180,"West Virginia",1,Republican,"House: 2011-Present"
"Representative McMorris Rodgers, Cathy",https://www.congress.gov/member/cathy-rodgers/M001159,Washington,5,Republican,"House: 2005-Present"
"Representative McNerney, Jerry",https://www.congress.gov/member/jerry-mcnerney/M001166,California,9,Democratic,"House: 2007-Present"
"Representative Meehan, Patrick",https://www.congress.gov/member/patrick-meehan/M001181,Pennsylvania,7,Republican,"House: 2011-2018"
"Representative Meeks, Gregory W.",https://www.congress.gov/member/gregory-meeks/M001137,"New York",5,Democratic,"House: 1997-Present"
"Senator Menendez, Robert",https://www.congress.gov/member/robert-menendez/M000639,"New Jersey",,Democratic,"Senate: 2006-Present | House: 1993-2006"
"Senator Merkley, Jeff",https://www.congress.gov/member/jeff-merkley/M001176,Oregon,,Democratic,"Senate: 2009-Present"
"Representative Mica, John L.",https://www.congress.gov/member/john-mica/M000689,Florida,7,Republican,"House: 1993-2017"
"Representative Michaud, Michael H.",https://www.congress.gov/member/michael-michaud/M001149,Maine,2,Democratic,"House: 2003-2015"
"Senator Mikulski, Barbara A.",https://www.congress.gov/member/barbara-mikulski/M000702,Maryland,,Democratic,"Senate: 1987-2017 | House: 1977-1987"
"Representative Miller, Brad",https://www.congress.gov/member/brad-miller/M001154,"North Carolina",13,Democratic,"House: 2003-2013"
"Representative Miller, Candice S.",https://www.congress.gov/member/candice-miller/M001150,Michigan,10,Republican,"House: 2003-2017"
"Representative Miller, Gary G.",https://www.congress.gov/member/gary-miller/M001139,California,31,Republican,"House: 1999-2015"
"Representative Miller, George",https://www.congress.gov/member/george-miller/M000725,California,11,Democratic,"House: 1975-2015"
"Representative Miller, Jeff",https://www.congress.gov/member/jeff-miller/M001144,Florida,1,Republican,"House: 2001-2017"
"Representative Moore, Gwen",https://www.congress.gov/member/gwen-moore/M001160,Wisconsin,4,Democratic,"House: 2005-Present"
"Representative Moran, James P.",https://www.congress.gov/member/james-moran/M000933,Virginia,8,Democratic,"House: 1991-2015"
"Senator Moran, Jerry",https://www.congress.gov/member/jerry-moran/M000934,Kansas,,Republican,"Senate: 2011-Present | House: 1997-2011"
"Representative Mulvaney, Mick",https://www.congress.gov/member/mick-mulvaney/M001182,"South Carolina",5,Republican,"House: 2011-2017"
"Senator Murkowski, Lisa",https://www.congress.gov/member/lisa-murkowski/M001153,Alaska,,Republican,"Senate: 2003-Present"
"Senator Murphy, Christopher",https://www.congress.gov/member/christopher-murphy/M001169,Connecticut,,Democratic,"Senate: 2013-Present | House: 2007-2013"
"Representative Murphy, Tim",https://www.congress.gov/member/tim-murphy/M001151,Pennsylvania,18,Republican,"House: 2003-2017"
"Senator Murray, Patty",https://www.congress.gov/member/patty-murray/M001111,Washington,,Democratic,"Senate: 1993-Present"
"Representative Myrick, Sue Wilkins",https://www.congress.gov/member/sue-myrick/M001134,"North Carolina",9,Republican,"House: 1995-2013"
"Representative Nadler, Jerrold",https://www.congress.gov/member/jerrold-nadler/N000002,"New York",10,Democratic,"House: 1991-Present"
"Representative Napolitano, Grace F.",https://www.congress.gov/member/grace-napolitano/N000179,California,32,Democratic,"House: 1999-Present"
"Representative Neal, Richard E.",https://www.congress.gov/member/richard-neal/N000015,Massachusetts,1,Democratic,"House: 1989-Present"
"Senator Nelson, Ben",https://www.congress.gov/member/e-nelson/N000180,Nebraska,,Democratic,"Senate: 2001-2013"
"Senator Nelson, Bill",https://www.congress.gov/member/clarence-nelson/N000032,Florida,,Democratic,"Senate: 2001-2019 | House: 1979-1991"
"Representative Neugebauer, Randy",https://www.congress.gov/member/randy-neugebauer/N000182,Texas,19,Republican,"House: 2003-2017"
"Representative Noem, Kristi L.",https://www.congress.gov/member/kristi-noem/N000184,"South Dakota",,Republican,"House: 2011-2019"
"Representative Norton, Eleanor Holmes",https://www.congress.gov/member/eleanor-norton/N000147,"District of Columbia",,Democratic,"House: 1991-Present"
"Representative Nugent, Richard B.",https://www.congress.gov/member/richard-nugent/N000185,Florida,11,Republican,"House: 2011-2017"
"Representative Nunes, Devin",https://www.congress.gov/member/devin-nunes/N000181,California,22,Republican,"House: 2003-Present"
"Representative Nunnelee, Alan",https://www.congress.gov/member/alan-nunnelee/N000186,Mississippi,1,Republican,"House: 2011-2015"
"Representative Olson, Pete",https://www.congress.gov/member/pete-olson/O000168,Texas,22,Republican,"House: 2009-Present"
"Representative Olver, John W.",https://www.congress.gov/member/john-olver/O000085,Massachusetts,1,Democratic,"House: 1991-2013"
"Representative Owens, William L.",https://www.congress.gov/member/william-owens/O000169,"New York",21,Democratic,"House: 2009-2015"
"Representative Palazzo, Steven M.",https://www.congress.gov/member/steven-palazzo/P000601,Mississippi,4,Republican,"House: 2011-Present"
"Representative Pallone, Frank, Jr.",https://www.congress.gov/member/frank-pallone/P000034,"New Jersey",6,Democratic,"House: 1987-Present"
"Representative Pascrell, Bill, Jr.",https://www.congress.gov/member/william-pascrell/P000096,"New Jersey",9,Democratic,"House: 1997-Present"
"Representative Pastor, Ed",https://www.congress.gov/member/ed-pastor/P000099,Arizona,7,Democratic,"House: 1991-2015"
"Senator Paul, Rand",https://www.congress.gov/member/rand-paul/P000603,Kentucky,,Republican,"Senate: 2011-Present"
"Representative Paul, Ron",https://www.congress.gov/member/ron-paul/P000583,Texas,14,Republican,"House: 1975-1977, 1979-1985, 1997-2013"
"Representative Paulsen, Erik",https://www.congress.gov/member/erik-paulsen/P000594,Minnesota,3,Republican,"House: 2009-2019"
"Representative Payne, Donald M.",https://www.congress.gov/member/donald-payne/P000149,"New Jersey",10,Democratic,"House: 1989-2012"
"Representative Payne, Donald M., Jr.",https://www.congress.gov/member/donald-payne/P000604,"New Jersey",10,Democratic,"House: 2012-Present"
"Representative Pearce, Stevan",https://www.congress.gov/member/stevan-pearce/P000588,"New Mexico",2,Republican,"House: 2003-2009, 2011-2019"
"Representative Pelosi, Nancy",https://www.congress.gov/member/nancy-pelosi/P000197,California,12,Democratic,"House: 1987-Present"
"Representative Pence, Mike",https://www.congress.gov/member/mike-pence/P000587,Indiana,6,Republican,"House: 2001-2013"
"Representative Perlmutter, Ed",https://www.congress.gov/member/ed-perlmutter/P000593,Colorado,7,Democratic,"House: 2007-Present"
"Senator Peters, Gary C.",https://www.congress.gov/member/gary-peters/P000595,Michigan,,Democratic,"Senate: 2015-Present | House: 2009-2015"
"Representative Peterson, Collin C.",https://www.congress.gov/member/collin-peterson/P000258,Minnesota,7,Democratic,"House: 1991-Present"
"Representative Petri, Thomas E.",https://www.congress.gov/member/tom-petri/P000265,Wisconsin,6,Republican,"House: 1979-2015"
"Representative Pierluisi, Pedro R.",https://www.congress.gov/member/pedro-pierluisi/P000596,"Puerto Rico",,Democratic,"House: 2009-2017"
"Representative Pingree, Chellie",https://www.congress.gov/member/chellie-pingree/P000597,Maine,1,Democratic,"House: 2009-Present"
"Representative Pitts, Joseph R.",https://www.congress.gov/member/joseph-pitts/P000373,Pennsylvania,16,Republican,"House: 1997-2017"
"Representative Platts, Todd Russell",https://www.congress.gov/member/todd-platts/P000585,Pennsylvania,19,Republican,"House: 2001-2013"
"Representative Poe, Ted",https://www.congress.gov/member/ted-poe/P000592,Texas,2,Republican,"House: 2005-2019"
"Representative Polis, Jared",https://www.congress.gov/member/jared-polis/P000598,Colorado,2,Democratic,"House: 2009-2019"
"Representative Pompeo, Mike",https://www.congress.gov/member/mike-pompeo/P000602,Kansas,4,Republican,"House: 2011-2017"
"Senator Portman, Rob",https://www.congress.gov/member/rob-portman/P000449,Ohio,,Republican,"Senate: 2011-Present | House: 1993-2007"
"Representative Posey, Bill",https://www.congress.gov/member/bill-posey/P000599,Florida,8,Republican,"House: 2009-Present"
"Representative Price, David E.",https://www.congress.gov/member/david-price/P000523,"North Carolina",4,Democratic,"House: 1987-1995, 1997-Present"
"Representative Price, Tom",https://www.congress.gov/member/tom-price/P000591,Georgia,6,Republican,"House: 2005-2017"
"Senator Pryor, Mark L.",https://www.congress.gov/member/mark-pryor/P000590,Arkansas,,Democratic,"Senate: 2003-2015"
"Representative Quayle, Benjamin",https://www.congress.gov/member/benjamin-quayle/Q000024,Arizona,3,Republican,"House: 2011-2013"
"Representative Quigley, Mike",https://www.congress.gov/member/mike-quigley/Q000023,Illinois,5,Democratic,"House: 2009-Present"
"Representative Rahall, Nick J., II",https://www.congress.gov/member/nick-rahall/R000011,"West Virginia",3,Democratic,"House: 1977-2015"
"Representative Rangel, Charles B.",https://www.congress.gov/member/charles-rangel/R000053,"New York",13,Democratic,"House: 1971-2017"
"Senator Reed, Jack",https://www.congress.gov/member/john-reed/R000122,"Rhode Island",,Democratic,"Senate: 1997-Present | House: 1991-1997"
"Representative Reed, Tom",https://www.congress.gov/member/tom-reed/R000585,"New York",23,Republican,"House: 2010-Present"
"Representative Rehberg, Denny",https://www.congress.gov/member/denny-rehberg/R000571,Montana,,Republican,"House: 2001-2013"
"Representative Reichert, David G.",https://www.congress.gov/member/david-reichert/R000578,Washington,8,Republican,"House: 2005-2019"
"Senator Reid, Harry",https://www.congress.gov/member/harry-reid/R000146,Nevada,,Democratic,"Senate: 1987-2017 | House: 1983-1987"
"Representative Renacci, James B.",https://www.congress.gov/member/james-renacci/R000586,Ohio,16,Republican,"House: 2011-2019"
"Representative Reyes, Silvestre",https://www.congress.gov/member/silvestre-reyes/R000170,Texas,16,Democratic,"House: 1997-2013"
"Representative Ribble, Reid J.",https://www.congress.gov/member/reid-ribble/R000587,Wisconsin,8,Republican,"House: 2011-2017"
"Representative Richardson, Laura",https://www.congress.gov/member/laura-richardson/R000581,California,37,Democratic,"House: 2007-2013"
"Representative Richmond, Cedric L.",https://www.congress.gov/member/cedric-richmond/R000588,Louisiana,2,Democratic,"House: 2011-Present"
"Representative Rigell, E. Scott",https://www.congress.gov/member/e-rigell/R000589,Virginia,2,Republican,"House: 2011-2017"
"Senator Risch, James E.",https://www.congress.gov/member/james-risch/R000584,Idaho,,Republican,"Senate: 2009-Present"
"Representative Rivera, David",https://www.congress.gov/member/david-rivera/R000590,Florida,25,Republican,"House: 2011-2013"
"Senator Roberts, Pat",https://www.congress.gov/member/pat-roberts/R000307,Kansas,,Republican,"Senate: 1997-Present | House: 1981-1997"
"Representative Roby, Martha",https://www.congress.gov/member/martha-roby/R000591,Alabama,2,Republican,"House: 2011-Present"
"Senator Rockefeller, John D., IV",https://www.congress.gov/member/jay-rockefeller/R000361,"West Virginia",,Democratic,"Senate: 1985-2015"
"Representative Roe, David P.",https://www.congress.gov/member/david-roe/R000582,Tennessee,1,Republican,"House: 2009-Present"
"Representative Rogers, Harold",https://www.congress.gov/member/harold-rogers/R000395,Kentucky,5,Republican,"House: 1981-Present"
"Representative Rogers, Mike D.",https://www.congress.gov/member/mike-rogers/R000575,Alabama,3,Republican,"House: 2003-Present"
"Representative Rogers, Mike J.",https://www.congress.gov/member/mike-rogers/R000572,Michigan,8,Republican,"House: 2001-2015"
"Representative Rohrabacher, Dana",https://www.congress.gov/member/dana-rohrabacher/R000409,California,48,Republican,"House: 1989-2019"
"Representative Rokita, Todd",https://www.congress.gov/member/todd-rokita/R000592,Indiana,4,Republican,"House: 2011-2019"
"Representative Rooney, Thomas J.",https://www.congress.gov/member/thomas-rooney/R000583,Florida,17,Republican,"House: 2009-2019"
"Representative Ros-Lehtinen, Ileana",https://www.congress.gov/member/ileana-ros-lehtinen/R000435,Florida,27,Republican,"House: 1989-2019"
"Representative Roskam, Peter J.",https://www.congress.gov/member/peter-roskam/R000580,Illinois,6,Republican,"House: 2007-2019"
"Representative Ross, Dennis A.",https://www.congress.gov/member/dennis-ross/R000593,Florida,15,Republican,"House: 2011-2019"
"Representative Ross, Mike",https://www.congress.gov/member/mike-ross/R000573,Arkansas,4,Democratic,"House: 2001-2013"
"Representative Rothman, Steven R.",https://www.congress.gov/member/steven-rothman/R000462,"New Jersey",9,Democratic,"House: 1997-2013"
"Representative Roybal-Allard, Lucille",https://www.congress.gov/member/lucille-roybal-allard/R000486,California,40,Democratic,"House: 1993-Present"
"Representative Royce, Edward R.",https://www.congress.gov/member/ed-royce/R000487,California,39,Republican,"House: 1993-2019"
"Senator Rubio, Marco",https://www.congress.gov/member/marco-rubio/R000595,Florida,,Republican,"Senate: 2011-Present"
"Representative Runyan, Jon",https://www.congress.gov/member/jon-runyan/R000594,"New Jersey",3,Republican,"House: 2011-2015"
"Representative Ruppersberger, C. A. Dutch",https://www.congress.gov/member/c-a-ruppersberger/R000576,Maryland,2,Democratic,"House: 2003-Present"
"Representative Rush, Bobby L.",https://www.congress.gov/member/bobby-rush/R000515,Illinois,1,Democratic,"House: 1993-Present"
"Representative Ryan, Paul D.",https://www.congress.gov/member/paul-ryan/R000570,Wisconsin,1,Republican,"House: 1999-2019"
"Representative Ryan, Tim",https://www.congress.gov/member/tim-ryan/R000577,Ohio,13,Democratic,"House: 2003-Present"
"Representative Sablan, Gregorio Kilili Camacho",https://www.congress.gov/member/gregorio-sablan/S001177,"Northern Mariana Islands",,Democratic,"House: 2009-Present"
"Representative Sanchez, Linda T.",https://www.congress.gov/member/linda-sanchez/S001156,California,38,Democratic,"House: 2003-Present"
"Representative Sanchez, Loretta",https://www.congress.gov/member/loretta-sanchez/S000030,California,46,Democratic,"House: 1997-2017"
"Senator Sanders, Bernard",https://www.congress.gov/member/bernard-sanders/S000033,Vermont,,Independent,"Senate: 2007-Present | House: 1991-2007"
"Representative Sarbanes, John P.",https://www.congress.gov/member/john-sarbanes/S001168,Maryland,3,Democratic,"House: 2007-Present"
"Representative Scalise, Steve",https://www.congress.gov/member/steve-scalise/S001176,Louisiana,1,Republican,"House: 2008-Present"
"Representative Schakowsky, Janice D.",https://www.congress.gov/member/janice-schakowsky/S001145,Illinois,9,Democratic,"House: 1999-Present"
"Senator Schatz, Brian",https://www.congress.gov/member/brian-schatz/S001194,Hawaii,,Democratic,"Senate: 2012-Present"
"Representative Schiff, Adam B.",https://www.congress.gov/member/adam-schiff/S001150,California,28,Democratic,"House: 2001-Present"
"Representative Schilling, Robert T.",https://www.congress.gov/member/robert-schilling/S001182,Illinois,17,Republican,"House: 2011-2013"
"Representative Schmidt, Jean",https://www.congress.gov/member/jean-schmidt/S001164,Ohio,2,Republican,"House: 2005-2013"
"Representative Schock, Aaron",https://www.congress.gov/member/aaron-schock/S001179,Illinois,18,Republican,"House: 2009-2015"
"Representative Schrader, Kurt",https://www.congress.gov/member/kurt-schrader/S001180,Oregon,5,Democratic,"House: 2009-Present"
"Senator Schumer, Charles E.",https://www.congress.gov/member/charles-schumer/S000148,"New York",,Democratic,"Senate: 1999-Present | House: 1981-1999"
"Representative Schwartz, Allyson Y.",https://www.congress.gov/member/allyson-schwartz/S001162,Pennsylvania,13,Democratic,"House: 2005-2015"
"Representative Schweikert, David",https://www.congress.gov/member/david-schweikert/S001183,Arizona,6,Republican,"House: 2011-Present"
"Representative Scott, Austin",https://www.congress.gov/member/austin-scott/S001189,Georgia,8,Republican,"House: 2011-Present"
"Representative Scott, David",https://www.congress.gov/member/david-scott/S001157,Georgia,13,Democratic,"House: 2003-Present"
"Representative Scott, Robert C. ""Bobby""",https://www.congress.gov/member/robert-scott/S000185,Virginia,3,Democratic,"House: 1993-Present"
"Senator Scott, Tim",https://www.congress.gov/member/tim-scott/S001184,"South Carolina",,Republican,"Senate: 2013-Present | House: 2011-2013"
"Representative Sensenbrenner, F. James, Jr.",https://www.congress.gov/member/f-sensenbrenner/S000244,Wisconsin,5,Republican,"House: 1979-Present"
"Representative Serrano, Jose E.",https://www.congress.gov/member/jose-serrano/S000248,"New York",15,Democratic,"House: 1989-Present"
"Senator Sessions, Jeff",https://www.congress.gov/member/jeff-sessions/S001141,Alabama,,Republican,"Senate: 1997-2017"
"Representative Sessions, Pete",https://www.congress.gov/member/pete-sessions/S000250,Texas,32,Republican,"House: 1997-2019"
"Representative Sewell, Terri A.",https://www.congress.gov/member/terri-sewell/S001185,Alabama,7,Democratic,"House: 2011-Present"
"Senator Shaheen, Jeanne",https://www.congress.gov/member/jeanne-shaheen/S001181,"New Hampshire",,Democratic,"Senate: 2009-Present"
"Senator Shelby, Richard C.",https://www.congress.gov/member/richard-shelby/S000320,Alabama,,Republican,"Senate: 1987-Present | House: 1979-1987"
"Representative Sherman, Brad",https://www.congress.gov/member/brad-sherman/S000344,California,30,Democratic,"House: 1997-Present"
"Representative Shimkus, John",https://www.congress.gov/member/john-shimkus/S000364,Illinois,15,Republican,"House: 1997-Present"
"Representative Shuler, Heath",https://www.congress.gov/member/heath-shuler/S001171,"North Carolina",11,Democratic,"House: 2007-2013"
"Representative Shuster, Bill",https://www.congress.gov/member/bill-shuster/S001154,Pennsylvania,9,Republican,"House: 2001-2019"
"Representative Simpson, Michael K.",https://www.congress.gov/member/michael-simpson/S001148,Idaho,2,Republican,"House: 1999-Present"
"Representative Sires, Albio",https://www.congress.gov/member/albio-sires/S001165,"New Jersey",8,Democratic,"House: 2005-Present"
"Representative Slaughter, Louise McIntosh",https://www.congress.gov/member/louise-slaughter/S000480,"New York",25,Democratic,"House: 1987-2018"
"Representative Smith, Adam",https://www.congress.gov/member/adam-smith/S000510,Washington,9,Democratic,"House: 1997-Present"
"Representative Smith, Adrian",https://www.congress.gov/member/adrian-smith/S001172,Nebraska,3,Republican,"House: 2007-Present"
"Representative Smith, Christopher H.",https://www.congress.gov/member/christopher-smith/S000522,"New Jersey",4,Republican,"House: 1981-Present"
"Representative Smith, Lamar",https://www.congress.gov/member/lamar-smith/S000583,Texas,21,Republican,"House: 1987-2019"
"Senator Snowe, Olympia J.",https://www.congress.gov/member/olympia-snowe/S000663,Maine,,Republican,"Senate: 1995-2013 | House: 1979-1995"
"Representative Southerland, Steve II",https://www.congress.gov/member/steve-southerland/S001186,Florida,2,Republican,"House: 2011-2015"
"Representative Speier, Jackie",https://www.congress.gov/member/jackie-speier/S001175,California,14,Democratic,"House: 2008-Present"
"Senator Stabenow, Debbie",https://www.congress.gov/member/deborah-stabenow/S000770,Michigan,,Democratic,"Senate: 2001-Present | House: 1997-2001"
"Representative Stark, Fortney Pete",https://www.congress.gov/member/pete-stark/S000810,California,13,Democratic,"House: 1973-2013"
"Representative Stearns, Cliff",https://www.congress.gov/member/cliff-stearns/S000822,Florida,6,Republican,"House: 1989-2013"
"Representative Stivers, Steve",https://www.congress.gov/member/steve-stivers/S001187,Ohio,15,Republican,"House: 2011-Present"
"Representative Stutzman, Marlin A.",https://www.congress.gov/member/marlin-stutzman/S001188,Indiana,3,Republican,"House: 2010-2017"
"Representative Sullivan, John",https://www.congress.gov/member/john-sullivan/S001155,Oklahoma,1,Republican,"House: 2002-2013"
"Representative Sutton, Betty",https://www.congress.gov/member/betty-sutton/S001174,Ohio,13,Democratic,"House: 2007-2013"
"Representative Terry, Lee",https://www.congress.gov/member/lee-terry/T000459,Nebraska,2,Republican,"House: 1999-2015"
"Senator Tester, Jon",https://www.congress.gov/member/jon-tester/T000464,Montana,,Democratic,"Senate: 2007-Present"
"Representative Thompson, Bennie G.",https://www.congress.gov/member/bennie-thompson/T000193,Mississippi,2,Democratic,"House: 1993-Present"
"Representative Thompson, Glenn",https://www.congress.gov/member/glenn-thompson/T000467,Pennsylvania,15,Republican,"House: 2009-Present"
"Representative Thompson, Mike",https://www.congress.gov/member/mike-thompson/T000460,California,5,Democratic,"House: 1999-Present"
"Representative Thornberry, Mac",https://www.congress.gov/member/william-thornberry/T000238,Texas,13,Republican,"House: 1995-Present"
"Senator Thune, John",https://www.congress.gov/member/john-thune/T000250,"South Dakota",,Republican,"Senate: 2005-Present | House: 1997-2003"
"Representative Tiberi, Patrick J.",https://www.congress.gov/member/patrick-tiberi/T000462,Ohio,12,Republican,"House: 2001-2018"
"Representative Tierney, John F.",https://www.congress.gov/member/john-tierney/T000266,Massachusetts,6,Democratic,"House: 1997-2015"
"Representative Tipton, Scott  R.",https://www.congress.gov/member/scott-tipton/T000470,Colorado,3,Republican,"House: 2011-Present"
"Representative Tonko, Paul",https://www.congress.gov/member/paul-tonko/T000469,"New York",20,Democratic,"House: 2009-Present"
"Senator Toomey, Pat",https://www.congress.gov/member/pat-toomey/T000461,Pennsylvania,,Republican,"Senate: 2011-Present | House: 1999-2005"
"Representative Towns, Edolphus",https://www.congress.gov/member/edolphus-towns/T000326,"New York",10,Democratic,"House: 1983-2013"
"Representative Tsongas, Niki",https://www.congress.gov/member/niki-tsongas/T000465,Massachusetts,3,Democratic,"House: 2007-2019"
"Representative Turner, Michael R.",https://www.congress.gov/member/michael-turner/T000463,Ohio,10,Republican,"House: 2003-Present"
"Representative Turner, Robert L.",https://www.congress.gov/member/robert-turner/T000471,"New York",9,Republican,"House: 2011-2013"
"Senator Udall, Mark",https://www.congress.gov/member/mark-udall/U000038,Colorado,,Democratic,"Senate: 2009-2015 | House: 1999-2009"
"Senator Udall, Tom",https://www.congress.gov/member/tom-udall/U000039,"New Mexico",,Democratic,"Senate: 2009-Present | House: 1999-2009"
"Representative Upton, Fred",https://www.congress.gov/member/fred-upton/U000031,Michigan,6,Republican,"House: 1987-Present"
"Senator Van Hollen, Chris",https://www.congress.gov/member/chris-van-hollen/V000128,Maryland,,Democratic,"Senate: 2017-Present | House: 2003-2017"
"Representative Velazquez, Nydia M.",https://www.congress.gov/member/nydia-velazquez/V000081,"New York",7,Democratic,"House: 1993-Present"
"Representative Visclosky, Peter J.",https://www.congress.gov/member/peter-visclosky/V000108,Indiana,1,Democratic,"House: 1985-Present"
"Senator Vitter, David",https://www.congress.gov/member/david-vitter/V000127,Louisiana,,Republican,"Senate: 2005-2017 | House: 1999-2005"
"Representative Walberg, Tim",https://www.congress.gov/member/tim-walberg/W000798,Michigan,7,Republican,"House: 2007-2009, 2011-Present"
"Representative Walden, Greg",https://www.congress.gov/member/greg-walden/W000791,Oregon,2,Republican,"House: 1999-Present"
"Representative Walsh, Joe",https://www.congress.gov/member/joe-walsh/W000811,Illinois,8,Republican,"House: 2011-2013"
"Representative Walz, Timothy J.",https://www.congress.gov/member/timothy-walz/W000799,Minnesota,1,Democratic,"House: 2007-2019"
"Senator Warner, Mark R.",https://www.congress.gov/member/mark-warner/W000805,Virginia,,Democratic,"Senate: 2009-Present"
"Representative Wasserman Schultz, Debbie",https://www.congress.gov/member/debbie-wasserman-schultz/W000797,Florida,23,Democratic,"House: 2005-Present"
"Representative Waters, Maxine",https://www.congress.gov/member/maxine-waters/W000187,California,43,Democratic,"House: 1991-Present"
"Representative Watt, Melvin L.",https://www.congress.gov/member/melvin-watt/W000207,"North Carolina",12,Democratic,"House: 1993-2014"
"Representative Waxman, Henry A.",https://www.congress.gov/member/henry-waxman/W000215,California,33,Democratic,"House: 1975-2015"
"Senator Webb, Jim",https://www.congress.gov/member/james-webb/W000803,Virginia,,Democratic,"Senate: 2007-2013"
"Representative Webster, Daniel",https://www.congress.gov/member/daniel-webster/W000806,Florida,11,Republican,"House: 2011-Present"
"Representative Weiner, Anthony D.",https://www.congress.gov/member/anthony-weiner/W000792,"New York",9,Democratic,"House: 1999-2011"
"Representative Welch, Peter",https://www.congress.gov/member/peter-welch/W000800,Vermont,,Democratic,"House: 2007-Present"
"Representative West, Allen B.",https://www.congress.gov/member/allen-west/W000807,Florida,22,Republican,"House: 2011-2013"
"Representative Westmoreland, Lynn A.",https://www.congress.gov/member/lynn-westmoreland/W000796,Georgia,3,Republican,"House: 2005-2017"
"Senator Whitehouse, Sheldon",https://www.congress.gov/member/sheldon-whitehouse/W000802,"Rhode Island",,Democratic,"Senate: 2007-Present"
"Representative Whitfield, Ed",https://www.congress.gov/member/edward-whitfield/W000413,Kentucky,1,Republican,"House: 1995-2016"
"Senator Wicker, Roger F.",https://www.congress.gov/member/roger-wicker/W000437,Mississippi,,Republican,"Senate: 2007-Present | House: 1995-2007"
"Representative Wilson, Frederica S.",https://www.congress.gov/member/frederica-wilson/W000808,Florida,24,Democratic,"House: 2011-Present"
"Representative Wilson, Joe",https://www.congress.gov/member/joe-wilson/W000795,"South Carolina",2,Republican,"House: 2001-Present"
"Representative Wittman, Robert J.",https://www.congress.gov/member/robert-wittman/W000804,Virginia,1,Republican,"House: 2007-Present"
"Representative Wolf, Frank R.",https://www.congress.gov/member/frank-wolf/W000672,Virginia,10,Republican,"House: 1981-2015"
"Representative Womack, Steve",https://www.congress.gov/member/steve-womack/W000809,Arkansas,3,Republican,"House: 2011-Present"
"Representative Woodall, Rob",https://www.congress.gov/member/rob-woodall/W000810,Georgia,7,Republican,"House: 2011-Present"
"Representative Woolsey, Lynn C.",https://www.congress.gov/member/lynn-woolsey/W000738,California,6,Democratic,"House: 1993-2013"
"Representative Wu, David",https://www.congress.gov/member/david-wu/W000793,Oregon,1,Democratic,"House: 1999-2011"
"Senator Wyden, Ron",https://www.congress.gov/member/ron-wyden/W000779,Oregon,,Democratic,"Senate: 1996-Present | House: 1981-1996"
"Representative Yarmuth, John A.",https://www.congress.gov/member/john-yarmuth/Y000062,Kentucky,3,Democratic,"House: 2007-Present"
"Representative Yoder, Kevin",https://www.congress.gov/member/kevin-yoder/Y000063,Kansas,3,Republican,"House: 2011-2019"
"Representative Young, C. W. Bill",https://www.congress.gov/member/c-w-young/Y000031,Florida,13,Republican,"House: 1971-2013"
"Representative Young, Don",https://www.congress.gov/member/don-young/Y000033,Alaska,,Republican,"House: 1973-Present"
"Senator Young, Todd",https://www.congress.gov/member/todd-young/Y000064,Indiana,,Republican,"Senate: 2017-Present | House: 2011-2017"